{
  "timestamp": "2025-09-01T22:46:27.714624",
  "model_config": {
    "input_length": 300,
    "cnn_small_kernels": [
      3,
      5
    ],
    "cnn_small_channels": [
      64,
      128
    ],
    "cnn_large_kernels": [
      11,
      15
    ],
    "cnn_large_channels": [
      64,
      128
    ],
    "gru_layers": 2,
    "gru_hidden": 128,
    "gru_bidirectional": true,
    "dense_dims": [
      256,
      128,
      64
    ],
    "dropout": 0.5
  },
  "training_config": {
    "learning_rate": 0.001,
    "batch_size": 32,
    "epochs": 100,
    "patience": 15,
    "weight_decay": 0.01
  },
  "training_history": {
    "train_losses": [
      5940.73808704723,
      2589.32807783647,
      2084.6729375665836,
      1989.3711256547408,
      1685.1029676957564,
      1628.297490900213,
      1580.5552395907316,
      1563.594272960316,
      1438.0298434170809,
      1394.3808579878373,
      1392.7190496271307,
      1509.8296702991831,
      1436.4162112149324,
      1355.2683507745917,
      1379.0541576038706,
      1371.2102189497514,
      1354.5968863747337,
      1268.8876911510122,
      1349.5542297363281,
      1331.0722579956055,
      1376.0788158069956,
      1289.6183707497337,
      1374.6370807994497,
      1286.9010543823242,
      1234.9408458362925,
      1327.616148515181,
      1218.5171709927645,
      1376.0796494917436,
      1241.465861233798,
      1210.4572115811434,
      1239.4719335382636,
      1116.5611419677734,
      1193.3402640602806,
      1226.3814946954901,
      1126.6044713800604,
      1148.8255351673472,
      1295.8047596324575,
      1134.4717587557707,
      1221.6101171320136,
      1199.3983944979582,
      1173.938798384233,
      1080.5792943781073,
      1163.639272516424,
      1044.9939547452059
    ],
    "val_losses": [
      7475.131689453125,
      2724.2820434570312,
      1236.474676513672,
      1169.3202514648438,
      1296.2335998535157,
      1103.8382202148437,
      482.61915435791013,
      684.7386169433594,
      918.3302307128906,
      301.9898376464844,
      549.8193878173828,
      347.3475769042969,
      368.7235336303711,
      319.16361846923826,
      125.29399337768555,
      723.3800567626953,
      516.494287109375,
      689.8634216308594,
      793.4578002929687,
      599.6134796142578,
      582.755728149414,
      589.2302856445312,
      635.0635345458984,
      445.9432800292969,
      928.6433837890625,
      491.5014373779297,
      566.0291198730469,
      579.8698852539062,
      80.6156795501709,
      158.65719680786134,
      260.1924346923828,
      215.79201889038086,
      317.1570877075195,
      333.4175735473633,
      149.93844184875488,
      105.07769889831543,
      224.6835029602051,
      275.02764892578125,
      113.70955657958984,
      158.06722259521484,
      228.6556854248047,
      337.32059173583986,
      371.4639038085937,
      176.14763565063475
    ],
    "epochs_trained": 44
  },
  "test_metrics": {
    "mae": 11.603460261027019,
    "rmse": 13.617163059413777,
    "mape": 8.326750993728638,
    "r2": 0.8690092891874377,
    "predictions": [
      "78.08859",
      "139.84265",
      "110.87872",
      "80.796425",
      "149.01822",
      "159.3847",
      "145.9439",
      "117.26133",
      "78.377266",
      "137.37306",
      "130.01553",
      "79.628944",
      "115.41869",
      "137.08688",
      "137.9896",
      "123.53542",
      "164.61194",
      "81.70359",
      "174.96063",
      "78.69362",
      "128.70143",
      "126.32812",
      "165.90848",
      "175.468",
      "145.46646",
      "103.740456",
      "131.0057",
      "145.98633",
      "122.6307",
      "161.09787",
      "179.72662",
      "117.98942",
      "108.8464",
      "98.79916",
      "107.74346",
      "135.19128",
      "122.21744",
      "164.55994",
      "147.69252",
      "118.14658",
      "137.85689",
      "67.772575",
      "76.235565",
      "124.310326",
      "114.7396",
      "148.99805",
      "165.93173",
      "103.7456",
      "154.09468",
      "75.17698",
      "146.70935",
      "124.29721",
      "87.44642",
      "69.44317",
      "102.346596",
      "159.65442",
      "142.38979",
      "171.64267",
      "122.13583",
      "73.972145",
      "177.54507",
      "157.39565",
      "168.69168",
      "139.85266",
      "114.65113",
      "144.63232",
      "166.15152",
      "149.53802",
      "166.9813",
      "118.816025",
      "155.11151",
      "72.94334",
      "90.49711",
      "172.46716",
      "137.79263",
      "178.65085",
      "166.50949",
      "150.42438",
      "95.11605",
      "168.82965",
      "147.68884",
      "132.45044",
      "112.33553",
      "72.983696",
      "155.51346",
      "127.3112",
      "103.387726",
      "153.10997",
      "105.49561",
      "135.89221",
      "134.52594",
      "75.196465",
      "96.73939",
      "168.27554",
      "149.5517",
      "93.804306",
      "121.31315",
      "108.74163",
      "161.78302",
      "101.71406",
      "157.7651",
      "68.931526",
      "164.98944",
      "170.6666",
      "129.8547",
      "75.61299",
      "78.06644",
      "147.02603",
      "74.61036",
      "175.15714",
      "164.49257",
      "172.96243",
      "110.64514",
      "125.66215",
      "130.3783",
      "94.87412",
      "155.2428",
      "142.16931",
      "101.41892",
      "156.90895",
      "146.3021",
      "76.27027",
      "137.62692",
      "101.02813",
      "70.41538",
      "128.46669",
      "75.23812",
      "79.920204",
      "143.19576",
      "92.89347",
      "157.70361",
      "139.42131",
      "136.94437",
      "126.793434",
      "123.60865",
      "116.673775",
      "168.42383",
      "141.93484",
      "75.56869",
      "143.15852",
      "71.13549",
      "149.21614",
      "152.7666",
      "156.95444",
      "169.14139",
      "113.24363",
      "157.67549",
      "88.9062",
      "165.949",
      "72.55573",
      "84.74816",
      "155.53075",
      "119.292885",
      "172.58849",
      "133.96088",
      "110.63235",
      "178.6741",
      "169.5823",
      "113.477005",
      "109.21378",
      "148.71983",
      "114.40513",
      "154.62758",
      "69.30682",
      "157.5372",
      "177.63664",
      "134.1043",
      "91.12476",
      "78.06716",
      "109.16674",
      "174.9524",
      "116.78197",
      "152.59229",
      "167.16454",
      "116.190895",
      "137.44806",
      "170.68571",
      "74.16453",
      "86.733505",
      "66.18769",
      "177.32083",
      "110.63148",
      "125.022484",
      "86.21676",
      "171.51117",
      "155.10313",
      "126.23299",
      "86.92301",
      "166.48392",
      "67.41798",
      "127.159805",
      "134.60692",
      "121.82696",
      "114.66163",
      "166.87677",
      "109.149055",
      "167.23225",
      "121.75625",
      "137.52194",
      "70.65048",
      "122.12365",
      "142.94133",
      "140.50978",
      "109.99479",
      "98.79248",
      "108.93637",
      "77.70289",
      "100.24087",
      "77.615166",
      "139.22408",
      "149.17947",
      "153.72333",
      "91.04312",
      "93.51556",
      "105.08003",
      "71.44157",
      "103.868004",
      "160.02226",
      "81.88804",
      "151.78526",
      "127.214836",
      "83.12522",
      "103.48882",
      "143.82422",
      "113.703575",
      "75.65366",
      "100.466",
      "75.74336",
      "116.532814",
      "82.09531",
      "109.25008",
      "148.71019",
      "142.1171",
      "153.5751",
      "93.69891",
      "76.464165",
      "72.35968",
      "72.106865",
      "143.10223",
      "146.34154",
      "148.47475",
      "77.4912",
      "173.96396",
      "105.39448",
      "109.18711",
      "79.90963",
      "122.880424",
      "162.33258",
      "113.97021",
      "156.40005",
      "102.3269",
      "136.65787",
      "137.87312",
      "108.86818",
      "156.8941",
      "95.20408",
      "102.87832",
      "92.81584",
      "76.63912",
      "82.96449",
