{
  "best_model": {
    "fold": 2,
    "checkpoint": "cv_checkpoints/fold_2/best_model_epoch_18.pth",
    "mae": 11.665937220756234,
    "rmse": 13.99912466490748,
    "r2": 0.8166812555848753,
    "mape": 9.721614350630196
  },
  "test_performance": {
    "mae": 7.173293397305886,
    "rmse": 9.043132437564827,
    "r2": 0.9218902900902096,
    "mape": 6.394450048322978,
    "bias": 0.6291604883300097,
    "correlation": 0.9628179465017958
  },
  "clarke_zones": {
    "A": 96.5,
    "B": 0.5,
    "C": 0.0,
    "D": 0.0,
    "E": 3.0
  }
}